{"0": {"precision": 0.6387832699619772, "recall": 0.48, "f1-score": 0.5481239804241435, "support": 350}, "1": {"precision": 0.4858757062146893, "recall": 0.6441947565543071, "f1-score": 0.5539452495974235, "support": 267}, "accuracy": 0.5510534846029174, "macro avg": {"precision": 0.5623294880883333, "recall": 0.5620973782771536, "f1-score": 0.5510346150107834, "support": 617}, "weighted avg": {"precision": 0.5726141945640423, "recall": 0.5510534846029174, "f1-score": 0.5506430709740069, "support": 617}}