{"0": {"precision": 0.6628571428571428, "recall": 0.6628571428571428, "f1-score": 0.6628571428571428, "support": 350}, "1": {"precision": 0.5580524344569289, "recall": 0.5580524344569289, "f1-score": 0.5580524344569289, "support": 267}, "accuracy": 0.6175040518638574, "macro avg": {"precision": 0.6104547886570358, "recall": 0.6104547886570358, "f1-score": 0.6104547886570358, "support": 617}, "weighted avg": {"precision": 0.6175040518638574, "recall": 0.6175040518638574, "f1-score": 0.6175040518638574, "support": 617}}