{"0": {"precision": 0.5704697986577181, "recall": 0.9714285714285714, "f1-score": 0.718816067653277, "support": 350}, "1": {"precision": 0.5238095238095238, "recall": 0.04119850187265917, "f1-score": 0.07638888888888888, "support": 267}, "accuracy": 0.5688816855753647, "macro avg": {"precision": 0.547139661233621, "recall": 0.5063135366506153, "f1-score": 0.3976024782710829, "support": 617}, "weighted avg": {"precision": 0.5502780751820813, "recall": 0.5688816855753647, "f1-score": 0.44081273421714795, "support": 617}}