{"0": {"precision": 0.881238155401137, "recall": 0.9858657243816255, "f1-score": 0.9306204136090727, "support": 1415}, "1": {"precision": 0.9773242630385488, "recall": 0.820952380952381, "f1-score": 0.8923395445134575, "support": 1050}, "accuracy": 0.9156186612576065, "macro avg": {"precision": 0.9292812092198429, "recall": 0.9034090526670032, "f1-score": 0.9114799790612651, "support": 2465}, "weighted avg": {"precision": 0.9221673290397912, "recall": 0.9156186612576065, "f1-score": 0.9143141610531311, "support": 2465}}