{"0": {"precision": 0.6332518337408313, "recall": 0.74, "f1-score": 0.6824769433465085, "support": 350}, "1": {"precision": 0.5625, "recall": 0.43820224719101125, "f1-score": 0.4926315789473685, "support": 267}, "accuracy": 0.6094003241491086, "macro avg": {"precision": 0.5978759168704156, "recall": 0.5891011235955056, "f1-score": 0.5875542611469385, "support": 617}, "weighted avg": {"precision": 0.602634751716841, "recall": 0.6094003241491086, "f1-score": 0.6003234388172211, "support": 617}}