{"0": {"precision": 0.6243243243243243, "recall": 0.66, "f1-score": 0.6416666666666666, "support": 350}, "1": {"precision": 0.5182186234817814, "recall": 0.4794007490636704, "f1-score": 0.4980544747081712, "support": 267}, "accuracy": 0.5818476499189628, "macro avg": {"precision": 0.5712714739030529, "recall": 0.5697003745318352, "f1-score": 0.5698605706874189, "support": 617}, "weighted avg": {"precision": 0.5784082430845204, "recall": 0.5818476499189628, "f1-score": 0.579520061718663, "support": 617}}