{"0": {"precision": 0.6217008797653959, "recall": 0.6057142857142858, "f1-score": 0.613603473227207, "support": 350}, "1": {"precision": 0.5, "recall": 0.5168539325842697, "f1-score": 0.5082872928176796, "support": 267}, "accuracy": 0.5672609400324149, "macro avg": {"precision": 0.5608504398826979, "recall": 0.5612841091492777, "f1-score": 0.5609453830224433, "support": 617}, "weighted avg": {"precision": 0.5690361554584904, "recall": 0.5672609400324149, "f1-score": 0.5680290483174115, "support": 617}}