{"0": {"precision": 0.6947674418604651, "recall": 0.6828571428571428, "f1-score": 0.6887608069164264, "support": 350}, "1": {"precision": 0.5934065934065934, "recall": 0.6067415730337079, "f1-score": 0.6, "support": 267}, "accuracy": 0.6499189627228525, "macro avg": {"precision": 0.6440870176335293, "recall": 0.6447993579454254, "f1-score": 0.6443804034582132, "support": 617}, "weighted avg": {"precision": 0.6509046435830198, "recall": 0.6499189627228525, "f1-score": 0.6503505387694477, "support": 617}}