{"0": {"precision": 0.6309859154929578, "recall": 0.64, "f1-score": 0.6354609929078013, "support": 350}, "1": {"precision": 0.5190839694656488, "recall": 0.5093632958801498, "f1-score": 0.5141776937618149, "support": 267}, "accuracy": 0.5834683954619124, "macro avg": {"precision": 0.5750349424793033, "recall": 0.5746816479400749, "f1-score": 0.5748193433348081, "support": 617}, "weighted avg": {"precision": 0.5825615725605566, "recall": 0.5834683954619124, "f1-score": 0.5829769720455997, "support": 617}}