{"0": {"precision": 0.6271186440677966, "recall": 0.6342857142857142, "f1-score": 0.6306818181818181, "support": 350}, "1": {"precision": 0.5133079847908745, "recall": 0.5056179775280899, "f1-score": 0.5094339622641509, "support": 267}, "accuracy": 0.5786061588330632, "macro avg": {"precision": 0.5702133144293355, "recall": 0.5699518459069021, "f1-score": 0.5700578902229845, "support": 617}, "weighted avg": {"precision": 0.5778683263580101, "recall": 0.5786061588330632, "f1-score": 0.5782131349889217, "support": 617}}