{"0": {"precision": 0.6204819277108434, "recall": 0.5885714285714285, "f1-score": 0.6041055718475072, "support": 350}, "1": {"precision": 0.49473684210526314, "recall": 0.5280898876404494, "f1-score": 0.5108695652173912, "support": 267}, "accuracy": 0.5623987034035657, "macro avg": {"precision": 0.5576093849080532, "recall": 0.558330658105939, "f1-score": 0.5574875685324492, "support": 617}, "weighted avg": {"precision": 0.5660671175703411, "recall": 0.5623987034035657, "f1-score": 0.5637587099832593, "support": 617}}