{"0": {"precision": 0.6270096463022508, "recall": 0.5571428571428572, "f1-score": 0.5900151285930408, "support": 350}, "1": {"precision": 0.4934640522875817, "recall": 0.5655430711610487, "f1-score": 0.5270506108202444, "support": 267}, "accuracy": 0.5607779578606159, "macro avg": {"precision": 0.5602368492949162, "recall": 0.561342964151953, "f1-score": 0.5585328697066426, "support": 617}, "weighted avg": {"precision": 0.5692192514855301, "recall": 0.5607779578606159, "f1-score": 0.5627679223607286, "support": 617}}