{"0": {"precision": 0.6299694189602446, "recall": 0.5885714285714285, "f1-score": 0.6085672082717872, "support": 350}, "1": {"precision": 0.503448275862069, "recall": 0.5468164794007491, "f1-score": 0.5242369838420109, "support": 267}, "accuracy": 0.5705024311183144, "macro avg": {"precision": 0.5667088474111568, "recall": 0.5676939539860888, "f1-score": 0.5664020960568991, "support": 617}, "weighted avg": {"precision": 0.5752187784299159, "recall": 0.5705024311183144, "f1-score": 0.5720742262251903, "support": 617}}