{"0": {"precision": 0.6551724137931034, "recall": 0.5971428571428572, "f1-score": 0.6248131539611361, "support": 350}, "1": {"precision": 0.5268456375838926, "recall": 0.5880149812734082, "f1-score": 0.5557522123893806, "support": 267}, "accuracy": 0.593192868719611, "macro avg": {"precision": 0.591009025688498, "recall": 0.5925789192081328, "f1-score": 0.5902826831752583, "support": 617}, "weighted avg": {"precision": 0.5996404052876589, "recall": 0.593192868719611, "f1-score": 0.5949277870248982, "support": 617}}