{"0": {"precision": 0.6697530864197531, "recall": 0.62, "f1-score": 0.6439169139465876, "support": 350}, "1": {"precision": 0.5460750853242321, "recall": 0.599250936329588, "f1-score": 0.5714285714285714, "support": 267}, "accuracy": 0.6110210696920584, "macro avg": {"precision": 0.6079140858719926, "recall": 0.609625468164794, "f1-score": 0.6076727426875794, "support": 617}, "weighted avg": {"precision": 0.6162327844870074, "recall": 0.6110210696920584, "f1-score": 0.6125483767467329, "support": 617}}