{"0": {"precision": 0.6264044943820225, "recall": 0.6371428571428571, "f1-score": 0.631728045325779, "support": 350}, "1": {"precision": 0.5134099616858238, "recall": 0.50187265917603, "f1-score": 0.5075757575757576, "support": 267}, "accuracy": 0.5786061588330632, "macro avg": {"precision": 0.5699072280339231, "recall": 0.5695077581594435, "f1-score": 0.5696519014507683, "support": 617}, "weighted avg": {"precision": 0.5775073465215929, "recall": 0.5786061588330632, "f1-score": 0.5780025010320096, "support": 617}}