{"0": {"precision": 0.6346749226006192, "recall": 0.5857142857142857, "f1-score": 0.6092124814264488, "support": 350}, "1": {"precision": 0.5068027210884354, "recall": 0.5580524344569289, "f1-score": 0.5311942959001782, "support": 267}, "accuracy": 0.5737439222042139, "macro avg": {"precision": 0.5707388218445273, "recall": 0.5718833600856073, "f1-score": 0.5702033886633135, "support": 617}, "weighted avg": {"precision": 0.5793396263222512, "recall": 0.5737439222042139, "f1-score": 0.5754509651614338, "support": 617}}