{"0": {"precision": 0.6558823529411765, "recall": 0.6371428571428571, "f1-score": 0.6463768115942029, "support": 350}, "1": {"precision": 0.5415162454873647, "recall": 0.5617977528089888, "f1-score": 0.551470588235294, "support": 267}, "accuracy": 0.6045380875202593, "macro avg": {"precision": 0.5986992992142706, "recall": 0.5994703049759229, "f1-score": 0.5989236999147485, "support": 617}, "weighted avg": {"precision": 0.6063916711094621, "recall": 0.6045380875202593, "f1-score": 0.6053071817127951, "support": 617}}