{"0": {"precision": 0.6497175141242938, "recall": 0.6571428571428571, "f1-score": 0.6534090909090909, "support": 350}, "1": {"precision": 0.5437262357414449, "recall": 0.5355805243445693, "f1-score": 0.539622641509434, "support": 267}, "accuracy": 0.6045380875202593, "macro avg": {"precision": 0.5967218749328693, "recall": 0.5963616907437133, "f1-score": 0.5965158662092624, "support": 617}, "weighted avg": {"precision": 0.6038509479521371, "recall": 0.6045380875202593, "f1-score": 0.6041692497588342, "support": 617}}