{"0": {"precision": 0.5711892797319933, "recall": 0.9742857142857143, "f1-score": 0.720168954593453, "support": 350}, "1": {"precision": 0.55, "recall": 0.04119850187265917, "f1-score": 0.07665505226480836, "support": 267}, "accuracy": 0.5705024311183144, "macro avg": {"precision": 0.5605946398659967, "recall": 0.5077421080791867, "f1-score": 0.3984120034291307, "support": 617}, "weighted avg": {"precision": 0.5620198507393803, "recall": 0.5705024311183144, "f1-score": 0.4416953534236829, "support": 617}}