{"0": {"precision": 0.6514285714285715, "recall": 0.6514285714285715, "f1-score": 0.6514285714285715, "support": 350}, "1": {"precision": 0.5430711610486891, "recall": 0.5430711610486891, "f1-score": 0.5430711610486891, "support": 267}, "accuracy": 0.6045380875202593, "macro avg": {"precision": 0.5972498662386303, "recall": 0.5972498662386303, "f1-score": 0.5972498662386303, "support": 617}, "weighted avg": {"precision": 0.6045380875202593, "recall": 0.6045380875202593, "f1-score": 0.6045380875202593, "support": 617}}