{"0": {"precision": 0.6428571428571429, "recall": 0.6685714285714286, "f1-score": 0.6554621848739497, "support": 350}, "1": {"precision": 0.541501976284585, "recall": 0.5131086142322098, "f1-score": 0.5269230769230768, "support": 267}, "accuracy": 0.6012965964343598, "macro avg": {"precision": 0.5921795595708639, "recall": 0.5908400214018192, "f1-score": 0.5911926308985133, "support": 617}, "weighted avg": {"precision": 0.5989968033516763, "recall": 0.6012965964343598, "f1-score": 0.5998382921302171, "support": 617}}