{"0": {"precision": 0.6533333333333333, "recall": 0.56, "f1-score": 0.6030769230769231, "support": 350}, "1": {"precision": 0.5141955835962145, "recall": 0.6104868913857678, "f1-score": 0.5582191780821918, "support": 267}, "accuracy": 0.5818476499189628, "macro avg": {"precision": 0.5837644584647739, "recall": 0.5852434456928839, "f1-score": 0.5806480505795575, "support": 617}, "weighted avg": {"precision": 0.5931229943060875, "recall": 0.5818476499189628, "f1-score": 0.5836652246756374, "support": 617}}