{"0": {"precision": 0.6555891238670695, "recall": 0.62, "f1-score": 0.6372980910425844, "support": 350}, "1": {"precision": 0.534965034965035, "recall": 0.5730337078651685, "f1-score": 0.5533453887884269, "support": 267}, "accuracy": 0.5996758508914101, "macro avg": {"precision": 0.5952770794160522, "recall": 0.5965168539325842, "f1-score": 0.5953217399155056, "support": 617}, "weighted avg": {"precision": 0.6033903690261566, "recall": 0.5996758508914101, "f1-score": 0.6009684775873817, "support": 617}}