{"0": {"precision": 0.6487341772151899, "recall": 0.5857142857142857, "f1-score": 0.6156156156156156, "support": 350}, "1": {"precision": 0.5182724252491694, "recall": 0.5842696629213483, "f1-score": 0.5492957746478873, "support": 267}, "accuracy": 0.5850891410048622, "macro avg": {"precision": 0.5835033012321796, "recall": 0.584991974317817, "f1-score": 0.5824556951317514, "support": 617}, "weighted avg": {"precision": 0.59227828130769, "recall": 0.5850891410048622, "f1-score": 0.5869164299780412, "support": 617}}