{"0": {"precision": 0.6196868008948546, "recall": 0.7914285714285715, "f1-score": 0.6951066499372649, "support": 350}, "1": {"precision": 0.5705882352941176, "recall": 0.36329588014981273, "f1-score": 0.4439359267734554, "support": 267}, "accuracy": 0.6061588330632091, "macro avg": {"precision": 0.5951375180944861, "recall": 0.5773622257891922, "f1-score": 0.5695212883553602, "support": 617}, "weighted avg": {"precision": 0.5984399337710349, "recall": 0.6061588330632091, "f1-score": 0.5864152673039795, "support": 617}}