{"0": {"precision": 0.6655948553054662, "recall": 0.5914285714285714, "f1-score": 0.6263237518910741, "support": 350}, "1": {"precision": 0.5326797385620915, "recall": 0.6104868913857678, "f1-score": 0.568935427574171, "support": 267}, "accuracy": 0.5996758508914101, "macro avg": {"precision": 0.5991372969337789, "recall": 0.6009577314071697, "f1-score": 0.5976295897326226, "support": 617}, "weighted avg": {"precision": 0.6080772926304564, "recall": 0.5996758508914101, "f1-score": 0.6014895823730626, "support": 617}}