{"0": {"precision": 0.6360759493670886, "recall": 0.5742857142857143, "f1-score": 0.6036036036036037, "support": 350}, "1": {"precision": 0.5049833887043189, "recall": 0.5692883895131086, "f1-score": 0.5352112676056339, "support": 267}, "accuracy": 0.5721231766612642, "macro avg": {"precision": 0.5705296690357038, "recall": 0.5717870518994115, "f1-score": 0.5694074356046188, "support": 617}, "weighted avg": {"precision": 0.5793470778971379, "recall": 0.5721231766612642, "f1-score": 0.574007568414855, "support": 617}}