{"0": {"precision": 0.6295081967213115, "recall": 0.5485714285714286, "f1-score": 0.5862595419847328, "support": 350}, "1": {"precision": 0.4935897435897436, "recall": 0.5767790262172284, "f1-score": 0.5319516407599308, "support": 267}, "accuracy": 0.5607779578606159, "macro avg": {"precision": 0.5615489701555276, "recall": 0.5626752273943285, "f1-score": 0.5591055913723318, "support": 617}, "weighted avg": {"precision": 0.5706909730809085, "recall": 0.5607779578606159, "f1-score": 0.5627583918598995, "support": 617}}