{"0": {"precision": 0.628482972136223, "recall": 0.58, "f1-score": 0.6032689450222882, "support": 350}, "1": {"precision": 0.5, "recall": 0.550561797752809, "f1-score": 0.5240641711229946, "support": 267}, "accuracy": 0.5672609400324149, "macro avg": {"precision": 0.5642414860681115, "recall": 0.5652808988764044, "f1-score": 0.5636665580726414, "support": 617}, "weighted avg": {"precision": 0.5728833715521524, "recall": 0.5672609400324149, "f1-score": 0.5689939456201628, "support": 617}}