{"0": {"precision": 0.6369230769230769, "recall": 0.5914285714285714, "f1-score": 0.6133333333333334, "support": 350}, "1": {"precision": 0.5102739726027398, "recall": 0.5580524344569289, "f1-score": 0.5330948121645797, "support": 267}, "accuracy": 0.5769854132901134, "macro avg": {"precision": 0.5735985247629083, "recall": 0.5747405029427501, "f1-score": 0.5732140727489565, "support": 617}, "weighted avg": {"precision": 0.5821170625737576, "recall": 0.5769854132901134, "f1-score": 0.5786109911095777, "support": 617}}