{"0": {"precision": 0.6221498371335505, "recall": 0.5457142857142857, "f1-score": 0.5814307458143075, "support": 350}, "1": {"precision": 0.4870967741935484, "recall": 0.5655430711610487, "f1-score": 0.5233968804159447, "support": 267}, "accuracy": 0.5542949756888168, "macro avg": {"precision": 0.5546233056635494, "recall": 0.5556286784376672, "f1-score": 0.5524138131151262, "support": 617}, "weighted avg": {"precision": 0.5637071016311509, "recall": 0.5542949756888168, "f1-score": 0.5563172254555346, "support": 617}}