{"0": {"precision": 0.6932153392330384, "recall": 0.6714285714285714, "f1-score": 0.6821480406386066, "support": 350}, "1": {"precision": 0.5863309352517986, "recall": 0.6104868913857678, "f1-score": 0.5981651376146789, "support": 267}, "accuracy": 0.6450567260940032, "macro avg": {"precision": 0.6397731372424185, "recall": 0.6409577314071696, "f1-score": 0.6401565891266427, "support": 617}, "weighted avg": {"precision": 0.6469622827290011, "recall": 0.6450567260940032, "f1-score": 0.6458053581306832, "support": 617}}