{"0": {"precision": 0.9971469329529244, "recall": 0.9879858657243816, "f1-score": 0.9925452609158679, "support": 1415}, "1": {"precision": 0.9840075258701787, "recall": 0.9961904761904762, "f1-score": 0.9900615238996687, "support": 1050}, "accuracy": 0.9914807302231238, "macro avg": {"precision": 0.9905772294115516, "recall": 0.992088170957429, "f1-score": 0.9913033924077683, "support": 2465}, "weighted avg": {"precision": 0.9915500252706189, "recall": 0.9914807302231238, "f1-score": 0.9914872796310773, "support": 2465}}