{"0": {"precision": 0.6204986149584487, "recall": 0.64, "f1-score": 0.6300984528832629, "support": 350}, "1": {"precision": 0.5078125, "recall": 0.4868913857677903, "f1-score": 0.49713193116634796, "support": 267}, "accuracy": 0.5737439222042139, "macro avg": {"precision": 0.5641555574792243, "recall": 0.5634456928838951, "f1-score": 0.5636151920248055, "support": 617}, "weighted avg": {"precision": 0.5717349314999305, "recall": 0.5737439222042139, "f1-score": 0.5725586452683257, "support": 617}}