{"0": {"precision": 0.6156156156156156, "recall": 0.5857142857142857, "f1-score": 0.6002928257686677, "support": 350}, "1": {"precision": 0.4894366197183099, "recall": 0.5205992509363296, "f1-score": 0.5045372050816697, "support": 267}, "accuracy": 0.5575364667747164, "macro avg": {"precision": 0.5525261176669627, "recall": 0.5531567683253077, "f1-score": 0.5524150154251687, "support": 617}, "weighted avg": {"precision": 0.5610130355433617, "recall": 0.5575364667747164, "f1-score": 0.5588556284859635, "support": 617}}