{"0": {"precision": 0.6133720930232558, "recall": 0.6028571428571429, "f1-score": 0.6080691642651298, "support": 350}, "1": {"precision": 0.4908424908424908, "recall": 0.50187265917603, "f1-score": 0.4962962962962963, "support": 267}, "accuracy": 0.5591572123176661, "macro avg": {"precision": 0.5521072919328733, "recall": 0.5523649010165864, "f1-score": 0.5521827302807131, "support": 617}, "weighted avg": {"precision": 0.5603487481573495, "recall": 0.5591572123176661, "f1-score": 0.5597006784504158, "support": 617}}