{"0": {"precision": 0.9950035688793719, "recall": 0.9851590106007068, "f1-score": 0.9900568181818183, "support": 1415}, "1": {"precision": 0.9802631578947368, "recall": 0.9933333333333333, "f1-score": 0.9867549668874172, "support": 1050}, "accuracy": 0.9886409736308316, "macro avg": {"precision": 0.9876333633870544, "recall": 0.98924617196702, "f1-score": 0.9884058925346177, "support": 2465}, "weighted avg": {"precision": 0.9887246919893652, "recall": 0.9886409736308316, "f1-score": 0.9886503500848118, "support": 2465}}