{"0": {"precision": 0.6420118343195266, "recall": 0.62, "f1-score": 0.6308139534883721, "support": 350}, "1": {"precision": 0.5232974910394266, "recall": 0.5468164794007491, "f1-score": 0.5347985347985349, "support": 267}, "accuracy": 0.5883306320907618, "macro avg": {"precision": 0.5826546626794766, "recall": 0.5834082397003746, "f1-score": 0.5828062441434535, "support": 617}, "weighted avg": {"precision": 0.5906395010038269, "recall": 0.5883306320907618, "f1-score": 0.5892643314621379, "support": 617}}