{"0": {"precision": 0.6580459770114943, "recall": 0.6542857142857142, "f1-score": 0.6561604584527221, "support": 350}, "1": {"precision": 0.550185873605948, "recall": 0.5543071161048689, "f1-score": 0.5522388059701493, "support": 267}, "accuracy": 0.6110210696920584, "macro avg": {"precision": 0.6041159253087212, "recall": 0.6042964151952916, "f1-score": 0.6041996322114357, "support": 617}, "weighted avg": {"precision": 0.6113706972557715, "recall": 0.6110210696920584, "f1-score": 0.6111895002471354, "support": 617}}