{"0": {"precision": 0.6484848484848484, "recall": 0.6114285714285714, "f1-score": 0.6294117647058823, "support": 350}, "1": {"precision": 0.5261324041811847, "recall": 0.5655430711610487, "f1-score": 0.5451263537906137, "support": 267}, "accuracy": 0.5915721231766613, "macro avg": {"precision": 0.5873086263330165, "recall": 0.5884858212948101, "f1-score": 0.587269059248248, "support": 617}, "weighted avg": {"precision": 0.5955381667521447, "recall": 0.5915721231766613, "f1-score": 0.5929381752174273, "support": 617}}