{"0": {"precision": 0.6253687315634219, "recall": 0.6057142857142858, "f1-score": 0.6153846153846154, "support": 350}, "1": {"precision": 0.5035971223021583, "recall": 0.5243445692883895, "f1-score": 0.5137614678899082, "support": 267}, "accuracy": 0.5705024311183144, "macro avg": {"precision": 0.56448292693279, "recall": 0.5650294275013377, "f1-score": 0.5645730416372619, "support": 617}, "weighted avg": {"precision": 0.5726733998409625, "recall": 0.5705024311183144, "f1-score": 0.5714083100668085, "support": 617}}