{"0": {"precision": 0.9755757152826239, "recall": 0.9879858657243816, "f1-score": 0.9817415730337079, "support": 1415}, "1": {"precision": 0.9835271317829457, "recall": 0.9666666666666667, "f1-score": 0.9750240153698367, "support": 1050}, "accuracy": 0.9789046653144016, "macro avg": {"precision": 0.9795514235327848, "recall": 0.9773262661955242, "f1-score": 0.9783827942017723, "support": 2465}, "weighted avg": {"precision": 0.9789627283963512, "recall": 0.9789046653144016, "f1-score": 0.9788801387346958, "support": 2465}}