{"0": {"precision": 0.6597014925373135, "recall": 0.6314285714285715, "f1-score": 0.6452554744525547, "support": 350}, "1": {"precision": 0.5425531914893617, "recall": 0.5730337078651685, "f1-score": 0.5573770491803278, "support": 267}, "accuracy": 0.6061588330632091, "macro avg": {"precision": 0.6011273420133376, "recall": 0.60223113964687, "f1-score": 0.6013162618164413, "support": 617}, "weighted avg": {"precision": 0.6090068468650232, "recall": 0.6061588330632091, "f1-score": 0.6072270473088195, "support": 617}}