{"0": {"precision": 0.6222910216718266, "recall": 0.5742857142857143, "f1-score": 0.5973254086181277, "support": 350}, "1": {"precision": 0.4931972789115646, "recall": 0.5430711610486891, "f1-score": 0.5169340463458111, "support": 267}, "accuracy": 0.5607779578606159, "macro avg": {"precision": 0.5577441502916956, "recall": 0.5586784376672017, "f1-score": 0.5571297274819693, "support": 617}, "weighted avg": {"precision": 0.5664271167820536, "recall": 0.5607779578606159, "f1-score": 0.5625369260788918, "support": 617}}