{"0": {"precision": 0.655786350148368, "recall": 0.6314285714285715, "f1-score": 0.6433770014556042, "support": 350}, "1": {"precision": 0.5392857142857143, "recall": 0.5655430711610487, "f1-score": 0.5521023765996343, "support": 267}, "accuracy": 0.6029173419773096, "macro avg": {"precision": 0.5975360322170411, "recall": 0.5984858212948101, "f1-score": 0.5977396890276192, "support": 617}, "weighted avg": {"precision": 0.6053719744995373, "recall": 0.6029173419773096, "f1-score": 0.6038789060965378, "support": 617}}