{"0": {"precision": 0.6432926829268293, "recall": 0.6028571428571429, "f1-score": 0.6224188790560472, "support": 350}, "1": {"precision": 0.5190311418685121, "recall": 0.5617977528089888, "f1-score": 0.539568345323741, "support": 267}, "accuracy": 0.5850891410048622, "macro avg": {"precision": 0.5811619123976707, "recall": 0.5823274478330658, "f1-score": 0.5809936121898941, "support": 617}, "weighted avg": {"precision": 0.5895198604591295, "recall": 0.5850891410048622, "f1-score": 0.5865662169709164, "support": 617}}