{"0": {"precision": 0.6346153846153846, "recall": 0.5657142857142857, "f1-score": 0.5981873111782476, "support": 350}, "1": {"precision": 0.5016393442622951, "recall": 0.5730337078651685, "f1-score": 0.534965034965035, "support": 267}, "accuracy": 0.5688816855753647, "macro avg": {"precision": 0.5681273644388398, "recall": 0.5693739967897271, "f1-score": 0.5665761730716413, "support": 617}, "weighted avg": {"precision": 0.577071457914777, "recall": 0.5688816855753647, "f1-score": 0.570828562800731, "support": 617}}