{"0": {"precision": 0.7405635300372142, "recall": 0.984452296819788, "f1-score": 0.8452669902912622, "support": 1415}, "1": {"precision": 0.9623287671232876, "recall": 0.5352380952380953, "f1-score": 0.6878824969400246, "support": 1050}, "accuracy": 0.7931034482758621, "macro avg": {"precision": 0.8514461485802509, "recall": 0.7598451960289416, "f1-score": 0.7665747436156434, "support": 2465}, "weighted avg": {"precision": 0.8350274241306735, "recall": 0.7931034482758621, "f1-score": 0.778226942413453, "support": 2465}}