{"0": {"precision": 0.9436310395314788, "recall": 0.9109540636042402, "f1-score": 0.9270046745774901, "support": 1415}, "1": {"precision": 0.8853503184713376, "recall": 0.9266666666666666, "f1-score": 0.9055374592833875, "support": 1050}, "accuracy": 0.9176470588235294, "macro avg": {"precision": 0.9144906790014082, "recall": 0.9188103651354534, "f1-score": 0.9162710669304388, "support": 2465}, "weighted avg": {"precision": 0.9188055802563679, "recall": 0.9176470588235294, "f1-score": 0.9178604246550529, "support": 2465}}