{"0": {"precision": 0.6837349397590361, "recall": 0.6485714285714286, "f1-score": 0.6656891495601173, "support": 350}, "1": {"precision": 0.5684210526315789, "recall": 0.6067415730337079, "f1-score": 0.5869565217391305, "support": 267}, "accuracy": 0.6304700162074555, "macro avg": {"precision": 0.6260779961953076, "recall": 0.6276565008025683, "f1-score": 0.6263228356496239, "support": 617}, "weighted avg": {"precision": 0.6338341166422921, "recall": 0.6304700162074555, "f1-score": 0.6316184662080857, "support": 617}}