{"0": {"precision": 0.6539589442815249, "recall": 0.6371428571428571, "f1-score": 0.6454413892908828, "support": 350}, "1": {"precision": 0.5398550724637681, "recall": 0.5580524344569289, "f1-score": 0.5488029465930019, "support": 267}, "accuracy": 0.6029173419773096, "macro avg": {"precision": 0.5969070083726464, "recall": 0.597597645799893, "f1-score": 0.5971221679419423, "support": 617}, "weighted avg": {"precision": 0.604581742052447, "recall": 0.6029173419773096, "f1-score": 0.6036221604410704, "support": 617}}