{"0": {"precision": 0.6393939393939394, "recall": 0.6028571428571429, "f1-score": 0.6205882352941176, "support": 350}, "1": {"precision": 0.5156794425087108, "recall": 0.5543071161048689, "f1-score": 0.5342960288808665, "support": 267}, "accuracy": 0.5818476499189628, "macro avg": {"precision": 0.5775366909513251, "recall": 0.5785821294810058, "f1-score": 0.5774421320874921, "support": 617}, "weighted avg": {"precision": 0.5858578443074628, "recall": 0.5818476499189628, "f1-score": 0.5832462270083184, "support": 617}}