{"0": {"precision": 0.6686217008797654, "recall": 0.6514285714285715, "f1-score": 0.6599131693198264, "support": 350}, "1": {"precision": 0.5579710144927537, "recall": 0.5767790262172284, "f1-score": 0.5672191528545121, "support": 267}, "accuracy": 0.6191247974068071, "macro avg": {"precision": 0.6132963576862596, "recall": 0.6141037988228999, "f1-score": 0.6135661610871692, "support": 617}, "weighted avg": {"precision": 0.6207388268678818, "recall": 0.6191247974068071, "f1-score": 0.6198008477700063, "support": 617}}