{"0": {"precision": 0.9971056439942113, "recall": 0.9738515901060071, "f1-score": 0.9853414372542009, "support": 1415}, "1": {"precision": 0.9658356417359187, "recall": 0.9961904761904762, "f1-score": 0.9807782466010314, "support": 1050}, "accuracy": 0.983367139959432, "macro avg": {"precision": 0.981470642865065, "recall": 0.9850210331482416, "f1-score": 0.9830598419276162, "support": 2465}, "weighted avg": {"precision": 0.9837857647361151, "recall": 0.983367139959432, "f1-score": 0.9833976846433173, "support": 2465}}