{"0": {"precision": 0.6390728476821192, "recall": 0.5514285714285714, "f1-score": 0.5920245398773005, "support": 350}, "1": {"precision": 0.5015873015873016, "recall": 0.5917602996254682, "f1-score": 0.5429553264604811, "support": 267}, "accuracy": 0.5688816855753647, "macro avg": {"precision": 0.5703300746347104, "recall": 0.5715944355270197, "f1-score": 0.5674899331688907, "support": 617}, "weighted avg": {"precision": 0.5795774817059177, "recall": 0.5688816855753647, "f1-score": 0.5707903745899573, "support": 617}}