{"0": {"precision": 0.6763848396501457, "recall": 0.6628571428571428, "f1-score": 0.6695526695526696, "support": 350}, "1": {"precision": 0.5693430656934306, "recall": 0.5842696629213483, "f1-score": 0.576709796672828, "support": 267}, "accuracy": 0.6288492706645057, "macro avg": {"precision": 0.6228639526717882, "recall": 0.6235634028892456, "f1-score": 0.6231312331127488, "support": 617}, "weighted avg": {"precision": 0.6300636830108541, "recall": 0.6288492706645057, "f1-score": 0.6293759320179569, "support": 617}}