{"0": {"precision": 0.5692821368948247, "recall": 0.9742857142857143, "f1-score": 0.7186512118018967, "support": 350}, "1": {"precision": 0.5, "recall": 0.033707865168539325, "f1-score": 0.06315789473684211, "support": 267}, "accuracy": 0.5672609400324149, "macro avg": {"precision": 0.5346410684474123, "recall": 0.5039967897271268, "f1-score": 0.3909045532693694, "support": 617}, "weighted avg": {"precision": 0.5393010501024126, "recall": 0.5672609400324149, "f1-score": 0.4349936499601308, "support": 617}}