{"0": {"precision": 0.6496815286624203, "recall": 0.5828571428571429, "f1-score": 0.6144578313253012, "support": 350}, "1": {"precision": 0.5181518151815182, "recall": 0.5880149812734082, "f1-score": 0.5508771929824562, "support": 267}, "accuracy": 0.5850891410048622, "macro avg": {"precision": 0.5839166719219693, "recall": 0.5854360620652755, "f1-score": 0.5826675121538787, "support": 617}, "weighted avg": {"precision": 0.592763484092889, "recall": 0.5850891410048622, "f1-score": 0.5869440056566795, "support": 617}}