{"0": {"precision": 0.5850622406639004, "recall": 0.8057142857142857, "f1-score": 0.6778846153846154, "support": 350}, "1": {"precision": 0.4962962962962963, "recall": 0.250936329588015, "f1-score": 0.3333333333333333, "support": 267}, "accuracy": 0.5656401944894651, "macro avg": {"precision": 0.5406792684800984, "recall": 0.5283253076511504, "f1-score": 0.5056089743589743, "support": 617}, "weighted avg": {"precision": 0.5466497493411285, "recall": 0.5656401944894651, "f1-score": 0.5287838174791173, "support": 617}}