{"0": {"precision": 0.685459940652819, "recall": 0.66, "f1-score": 0.6724890829694323, "support": 350}, "1": {"precision": 0.575, "recall": 0.602996254681648, "f1-score": 0.5886654478976233, "support": 267}, "accuracy": 0.6353322528363047, "macro avg": {"precision": 0.6302299703264095, "recall": 0.631498127340824, "f1-score": 0.6305772654335278, "support": 617}, "weighted avg": {"precision": 0.6376596097706428, "recall": 0.6353322528363047, "f1-score": 0.6362153219253918, "support": 617}}