{"0": {"precision": 0.6435045317220544, "recall": 0.6085714285714285, "f1-score": 0.6255506607929515, "support": 350}, "1": {"precision": 0.5209790209790209, "recall": 0.5580524344569289, "f1-score": 0.538878842676311, "support": 267}, "accuracy": 0.586709886547812, "macro avg": {"precision": 0.5822417763505376, "recall": 0.5833119315141787, "f1-score": 0.5822147517346312, "support": 617}, "weighted avg": {"precision": 0.5904829573810658, "recall": 0.586709886547812, "f1-score": 0.588044379695475, "support": 617}}