{"0": {"precision": 0.6219839142091153, "recall": 0.6628571428571428, "f1-score": 0.6417704011065006, "support": 350}, "1": {"precision": 0.5163934426229508, "recall": 0.47191011235955055, "f1-score": 0.4931506849315068, "support": 267}, "accuracy": 0.580226904376013, "macro avg": {"precision": 0.569188678416033, "recall": 0.5673836276083467, "f1-score": 0.5674605430190037, "support": 617}, "weighted avg": {"precision": 0.5762907927933845, "recall": 0.580226904376013, "f1-score": 0.5774568448362845, "support": 617}}