{"0": {"precision": 0.0, "recall": 0.0, "f1-score": 0.0, "support": 350}, "1": {"precision": 0.4327390599675851, "recall": 1.0, "f1-score": 0.6040723981900452, "support": 267}, "accuracy": 0.4327390599675851, "macro avg": {"precision": 0.21636952998379255, "recall": 0.5, "f1-score": 0.3020361990950226, "support": 617}, "weighted avg": {"precision": 0.18726309402162922, "recall": 0.4327390599675851, "f1-score": 0.2614057217451249, "support": 617}}