{"0": {"precision": 0.6950146627565983, "recall": 0.6771428571428572, "f1-score": 0.6859623733719247, "support": 350}, "1": {"precision": 0.5905797101449275, "recall": 0.6104868913857678, "f1-score": 0.6003683241252302, "support": 267}, "accuracy": 0.6482982171799028, "macro avg": {"precision": 0.6427971864507629, "recall": 0.6438148742643125, "f1-score": 0.6431653487485774, "support": 617}, "weighted avg": {"precision": 0.6498215795356646, "recall": 0.6482982171799028, "f1-score": 0.6489224849620909, "support": 617}}