{"0": {"precision": 0.6656716417910448, "recall": 0.6371428571428571, "f1-score": 0.6510948905109489, "support": 350}, "1": {"precision": 0.549645390070922, "recall": 0.5805243445692884, "f1-score": 0.564663023679417, "support": 267}, "accuracy": 0.6126418152350082, "macro avg": {"precision": 0.6076585159309833, "recall": 0.6088336008560727, "f1-score": 0.607878957095183, "support": 617}, "weighted avg": {"precision": 0.6154625506901165, "recall": 0.6126418152350082, "f1-score": 0.6136924457070283, "support": 617}}