{"0": {"precision": 0.6477987421383647, "recall": 0.5885714285714285, "f1-score": 0.6167664670658681, "support": 350}, "1": {"precision": 0.5183946488294314, "recall": 0.5805243445692884, "f1-score": 0.5477031802120141, "support": 267}, "accuracy": 0.5850891410048622, "macro avg": {"precision": 0.5830966954838981, "recall": 0.5845478865703584, "f1-score": 0.5822348236389412, "support": 617}, "weighted avg": {"precision": 0.5918005364438993, "recall": 0.5850891410048622, "f1-score": 0.5868800852344597, "support": 617}}