{"0": {"precision": 0.6147540983606558, "recall": 0.6428571428571429, "f1-score": 0.6284916201117319, "support": 350}, "1": {"precision": 0.50199203187251, "recall": 0.47191011235955055, "f1-score": 0.48648648648648646, "support": 267}, "accuracy": 0.5688816855753647, "macro avg": {"precision": 0.5583730651165828, "recall": 0.5573836276083467, "f1-score": 0.5574890532991091, "support": 617}, "weighted avg": {"precision": 0.5659575477085732, "recall": 0.5688816855753647, "f1-score": 0.5670404520761718, "support": 617}}