{"0": {"precision": 0.6467065868263473, "recall": 0.6171428571428571, "f1-score": 0.6315789473684209, "support": 350}, "1": {"precision": 0.5265017667844523, "recall": 0.5580524344569289, "f1-score": 0.5418181818181818, "support": 267}, "accuracy": 0.5915721231766613, "macro avg": {"precision": 0.5866041768053998, "recall": 0.587597645799893, "f1-score": 0.5866985645933014, "support": 617}, "weighted avg": {"precision": 0.5946892659978449, "recall": 0.5915721231766613, "f1-score": 0.5927359580622397, "support": 617}}