{"0": {"precision": 0.6814159292035398, "recall": 0.66, "f1-score": 0.6705370101596516, "support": 350}, "1": {"precision": 0.5719424460431655, "recall": 0.5955056179775281, "f1-score": 0.5834862385321102, "support": 267}, "accuracy": 0.6320907617504052, "macro avg": {"precision": 0.6266791876233526, "recall": 0.6277528089887641, "f1-score": 0.627011624345881, "support": 617}, "weighted avg": {"precision": 0.634042477009342, "recall": 0.6320907617504052, "f1-score": 0.6328667410760964, "support": 617}}