{"0": {"precision": 1.0, "recall": 0.9738515901060071, "f1-score": 0.9867525957751522, "support": 1415}, "1": {"precision": 0.9659613615455381, "recall": 1.0, "f1-score": 0.982686008423023, "support": 1050}, "accuracy": 0.9849898580121704, "macro avg": {"precision": 0.982980680772769, "recall": 0.9869257950530035, "f1-score": 0.9847193020990876, "support": 2465}, "weighted avg": {"precision": 0.9855007828084442, "recall": 0.9849898580121704, "f1-score": 0.985020378038951, "support": 2465}}