{"0": {"precision": 0.5723793677204659, "recall": 0.9828571428571429, "f1-score": 0.7234490010515247, "support": 350}, "1": {"precision": 0.625, "recall": 0.03745318352059925, "f1-score": 0.0706713780918728, "support": 267}, "accuracy": 0.5737439222042139, "macro avg": {"precision": 0.5986896838602329, "recall": 0.5101551631888711, "f1-score": 0.39706018957169875, "support": 617}, "weighted avg": {"precision": 0.5951503706680115, "recall": 0.5737439222042139, "f1-score": 0.4409666261240902, "support": 617}}