{"0": {"precision": 0.6468842729970327, "recall": 0.6228571428571429, "f1-score": 0.6346433770014556, "support": 350}, "1": {"precision": 0.5285714285714286, "recall": 0.5543071161048689, "f1-score": 0.5411334552102377, "support": 267}, "accuracy": 0.593192868719611, "macro avg": {"precision": 0.5877278507842306, "recall": 0.5885821294810059, "f1-score": 0.5878884161058466, "support": 617}, "weighted avg": {"precision": 0.5956856839182056, "recall": 0.593192868719611, "f1-score": 0.5941779813478815, "support": 617}}