{"0": {"precision": 0.6520547945205479, "recall": 0.68, "f1-score": 0.6657342657342659, "support": 350}, "1": {"precision": 0.5555555555555556, "recall": 0.5243445692883895, "f1-score": 0.5394990366088631, "support": 267}, "accuracy": 0.6126418152350082, "macro avg": {"precision": 0.6038051750380518, "recall": 0.6021722846441948, "f1-score": 0.6026166511715645, "support": 617}, "weighted avg": {"precision": 0.6102958045632498, "recall": 0.6126418152350082, "f1-score": 0.6111073513477463, "support": 617}}