{"0": {"precision": 0.6428571428571429, "recall": 0.6942857142857143, "f1-score": 0.6675824175824175, "support": 350}, "1": {"precision": 0.5523012552301255, "recall": 0.4943820224719101, "f1-score": 0.5217391304347826, "support": 267}, "accuracy": 0.6077795786061588, "macro avg": {"precision": 0.5975791990436342, "recall": 0.5943338683788122, "f1-score": 0.5946607740086001, "support": 617}, "weighted avg": {"precision": 0.6036700731708972, "recall": 0.6077795786061588, "f1-score": 0.6044703305995673, "support": 617}}