{"0": {"precision": 0.979677645409951, "recall": 0.9879858657243816, "f1-score": 0.9838142153413089, "support": 1415}, "1": {"precision": 0.9836223506743738, "recall": 0.9723809523809523, "f1-score": 0.9779693486590039, "support": 1050}, "accuracy": 0.9813387423935092, "macro avg": {"precision": 0.9816499980421624, "recall": 0.980183409052667, "f1-score": 0.9808917820001564, "support": 2465}, "weighted avg": {"precision": 0.981357945826845, "recall": 0.9813387423935092, "f1-score": 0.9813245155374872, "support": 2465}}