{"0": {"precision": 0.571917808219178, "recall": 0.9542857142857143, "f1-score": 0.715203426124197, "support": 350}, "1": {"precision": 0.5151515151515151, "recall": 0.06367041198501873, "f1-score": 0.11333333333333333, "support": 267}, "accuracy": 0.5688816855753647, "macro avg": {"precision": 0.5435346616853466, "recall": 0.5089780631353665, "f1-score": 0.4142683797287651, "support": 617}, "weighted avg": {"precision": 0.5473528159192331, "recall": 0.5688816855753647, "f1-score": 0.45475072794727545, "support": 617}}