{"0": {"precision": 0.663768115942029, "recall": 0.6542857142857142, "f1-score": 0.6589928057553956, "support": 350}, "1": {"precision": 0.5551470588235294, "recall": 0.5655430711610487, "f1-score": 0.5602968460111317, "support": 267}, "accuracy": 0.6158833063209076, "macro avg": {"precision": 0.6094575873827792, "recall": 0.6099143927233814, "f1-score": 0.6096448258832636, "support": 617}, "weighted avg": {"precision": 0.6167635417918841, "recall": 0.6158833063209076, "f1-score": 0.6162832089130642, "support": 617}}