{"0": {"precision": 0.625, "recall": 0.5857142857142857, "f1-score": 0.6047197640117994, "support": 350}, "1": {"precision": 0.4982698961937716, "recall": 0.5393258426966292, "f1-score": 0.5179856115107913, "support": 267}, "accuracy": 0.5656401944894651, "macro avg": {"precision": 0.5616349480968859, "recall": 0.5625200642054575, "f1-score": 0.5613526877612953, "support": 617}, "weighted avg": {"precision": 0.5701589340092983, "recall": 0.5656401944894651, "f1-score": 0.5671865083914279, "support": 617}}