{"0": {"precision": 0.5902964959568733, "recall": 0.6257142857142857, "f1-score": 0.6074895977808599, "support": 350}, "1": {"precision": 0.46747967479674796, "recall": 0.4307116104868914, "f1-score": 0.44834307992202727, "support": 267}, "accuracy": 0.5413290113452188, "macro avg": {"precision": 0.5288880853768106, "recall": 0.5282129481005885, "f1-score": 0.5279163388514436, "support": 617}, "weighted avg": {"precision": 0.5371488602198337, "recall": 0.5413290113452188, "f1-score": 0.5386206832455142, "support": 617}}