{"0": {"precision": 0.6322188449848024, "recall": 0.5942857142857143, "f1-score": 0.6126656848306332, "support": 350}, "1": {"precision": 0.5069444444444444, "recall": 0.5468164794007491, "f1-score": 0.5261261261261262, "support": 267}, "accuracy": 0.5737439222042139, "macro avg": {"precision": 0.5695816447146234, "recall": 0.5705510968432317, "f1-score": 0.5693959054783797, "support": 617}, "weighted avg": {"precision": 0.5780077186569652, "recall": 0.5737439222042139, "f1-score": 0.5752166375468352, "support": 617}}