{"0": {"precision": 0.5726210350584308, "recall": 0.98, "f1-score": 0.7228661749209696, "support": 350}, "1": {"precision": 0.6111111111111112, "recall": 0.04119850187265917, "f1-score": 0.07719298245614034, "support": 267}, "accuracy": 0.5737439222042139, "macro avg": {"precision": 0.5918660730847709, "recall": 0.5105992509363296, "f1-score": 0.400029578688555, "support": 617}, "weighted avg": {"precision": 0.5892771943875484, "recall": 0.5737439222042139, "f1-score": 0.4434581645674697, "support": 617}}