{"0": {"precision": 0.6497005988023952, "recall": 0.62, "f1-score": 0.6345029239766082, "support": 350}, "1": {"precision": 0.5300353356890459, "recall": 0.5617977528089888, "f1-score": 0.5454545454545455, "support": 267}, "accuracy": 0.5948136142625607, "macro avg": {"precision": 0.5898679672457205, "recall": 0.5908988764044945, "f1-score": 0.5899787347155769, "support": 617}, "weighted avg": {"precision": 0.5979167653319507, "recall": 0.5948136142625607, "f1-score": 0.5959682123633331, "support": 617}}