{"0": {"precision": 0.5738255033557047, "recall": 0.9771428571428571, "f1-score": 0.7230443974630021, "support": 350}, "1": {"precision": 0.6190476190476191, "recall": 0.04868913857677903, "f1-score": 0.09027777777777779, "support": 267}, "accuracy": 0.5753646677471637, "macro avg": {"precision": 0.5964365612016619, "recall": 0.512915997859818, "f1-score": 0.40666108762038994, "support": 617}, "weighted avg": {"precision": 0.593394879189969, "recall": 0.5753646677471637, "f1-score": 0.4492215652815517, "support": 617}}