{"0": {"precision": 0.6214953271028038, "recall": 0.76, "f1-score": 0.6838046272493574, "support": 350}, "1": {"precision": 0.5555555555555556, "recall": 0.39325842696629215, "f1-score": 0.4605263157894737, "support": 267}, "accuracy": 0.6012965964343598, "macro avg": {"precision": 0.5885254413291796, "recall": 0.5766292134831461, "f1-score": 0.5721654715194155, "support": 617}, "weighted avg": {"precision": 0.5929606123489702, "recall": 0.6012965964343598, "f1-score": 0.5871833806370576, "support": 617}}