{"0": {"precision": 0.6452702702702703, "recall": 0.5457142857142857, "f1-score": 0.5913312693498451, "support": 350}, "1": {"precision": 0.5046728971962616, "recall": 0.6067415730337079, "f1-score": 0.5510204081632654, "support": 267}, "accuracy": 0.5721231766612642, "macro avg": {"precision": 0.574971583733266, "recall": 0.5762279293739968, "f1-score": 0.5711758387565553, "support": 617}, "weighted avg": {"precision": 0.5844282952123119, "recall": 0.5721231766612642, "f1-score": 0.5738871851734808, "support": 617}}