{"0": {"precision": 0.6479289940828402, "recall": 0.6257142857142857, "f1-score": 0.6366279069767442, "support": 350}, "1": {"precision": 0.5304659498207885, "recall": 0.5543071161048689, "f1-score": 0.5421245421245421, "support": 267}, "accuracy": 0.5948136142625607, "macro avg": {"precision": 0.5891974719518144, "recall": 0.5900107009095773, "f1-score": 0.5893762245506431, "support": 617}, "weighted avg": {"precision": 0.5970981467279491, "recall": 0.5948136142625607, "f1-score": 0.5957326097068286, "support": 617}}