{"0": {"precision": 0.5910931174089069, "recall": 0.8342857142857143, "f1-score": 0.6919431279620853, "support": 350}, "1": {"precision": 0.5284552845528455, "recall": 0.24344569288389514, "f1-score": 0.3333333333333333, "support": 267}, "accuracy": 0.5786061588330632, "macro avg": {"precision": 0.5597742009808762, "recall": 0.5388657035848047, "f1-score": 0.5126382306477093, "support": 617}, "weighted avg": {"precision": 0.5639872805003682, "recall": 0.5786061588330632, "f1-score": 0.5367586625392705, "support": 617}}