{"0": {"precision": 0.6351791530944625, "recall": 0.5571428571428572, "f1-score": 0.593607305936073, "support": 350}, "1": {"precision": 0.5, "recall": 0.5805243445692884, "f1-score": 0.537261698440208, "support": 267}, "accuracy": 0.5672609400324149, "macro avg": {"precision": 0.5675895765472312, "recall": 0.5688336008560728, "f1-score": 0.5654345021881405, "support": 617}, "weighted avg": {"precision": 0.5766818534571505, "recall": 0.5672609400324149, "f1-score": 0.5692243607150098, "support": 617}}