{"0": {"precision": 0.6443768996960486, "recall": 0.6057142857142858, "f1-score": 0.6244477172312224, "support": 350}, "1": {"precision": 0.5208333333333334, "recall": 0.5617977528089888, "f1-score": 0.5405405405405405, "support": 267}, "accuracy": 0.586709886547812, "macro avg": {"precision": 0.582605116514691, "recall": 0.5837560192616373, "f1-score": 0.5824941288858814, "support": 617}, "weighted avg": {"precision": 0.5909147729232043, "recall": 0.586709886547812, "f1-score": 0.5881378044655626, "support": 617}}