{"0": {"precision": 0.5864978902953587, "recall": 0.7942857142857143, "f1-score": 0.6747572815533981, "support": 350}, "1": {"precision": 0.4965034965034965, "recall": 0.26591760299625467, "f1-score": 0.3463414634146341, "support": 267}, "accuracy": 0.5656401944894651, "macro avg": {"precision": 0.5415006933994276, "recall": 0.5301016586409845, "f1-score": 0.5105493724840161, "support": 617}, "weighted avg": {"precision": 0.5475538009235156, "recall": 0.5656401944894651, "f1-score": 0.5326389291335439, "support": 617}}