{"0": {"precision": 0.6289308176100629, "recall": 0.5714285714285714, "f1-score": 0.5988023952095807, "support": 350}, "1": {"precision": 0.4983277591973244, "recall": 0.5580524344569289, "f1-score": 0.5265017667844523, "support": 267}, "accuracy": 0.5656401944894651, "macro avg": {"precision": 0.5636292884036936, "recall": 0.5647405029427501, "f1-score": 0.5626520809970165, "support": 617}, "weighted avg": {"precision": 0.5724137728836428, "recall": 0.5656401944894651, "f1-score": 0.567515089229825, "support": 617}}