{"0": {"precision": 0.6261682242990654, "recall": 0.5742857142857143, "f1-score": 0.5991058122205664, "support": 350}, "1": {"precision": 0.4966216216216216, "recall": 0.550561797752809, "f1-score": 0.5222024866785079, "support": 267}, "accuracy": 0.5640194489465153, "macro avg": {"precision": 0.5613949229603434, "recall": 0.5624237560192616, "f1-score": 0.5606541494495372, "support": 617}, "weighted avg": {"precision": 0.5701083492344341, "recall": 0.5640194489465153, "f1-score": 0.5658267394171148, "support": 617}}