{"0": {"precision": 0.6735294117647059, "recall": 0.6542857142857142, "f1-score": 0.663768115942029, "support": 350}, "1": {"precision": 0.5631768953068592, "recall": 0.5842696629213483, "f1-score": 0.5735294117647057, "support": 267}, "accuracy": 0.6239870340356564, "macro avg": {"precision": 0.6183531535357826, "recall": 0.6192776886035313, "f1-score": 0.6186487638533673, "support": 617}, "weighted avg": {"precision": 0.6257755675276799, "recall": 0.6239870340356564, "f1-score": 0.6247183039236411, "support": 617}}