{"0": {"precision": 0.9517509727626459, "recall": 0.8643109540636043, "f1-score": 0.9059259259259259, "support": 1415}, "1": {"precision": 0.8372881355932204, "recall": 0.940952380952381, "f1-score": 0.8860986547085202, "support": 1050}, "accuracy": 0.8969574036511156, "macro avg": {"precision": 0.8945195541779332, "recall": 0.9026316675079926, "f1-score": 0.8960122903172231, "support": 2465}, "weighted avg": {"precision": 0.9029939832989962, "recall": 0.8969574036511156, "f1-score": 0.8974802323039073, "support": 2465}}