{"0": {"precision": 0.647239263803681, "recall": 0.6028571428571429, "f1-score": 0.6242603550295859, "support": 350}, "1": {"precision": 0.5223367697594502, "recall": 0.5692883895131086, "f1-score": 0.5448028673835125, "support": 267}, "accuracy": 0.5883306320907618, "macro avg": {"precision": 0.5847880167815656, "recall": 0.5860727661851257, "f1-score": 0.5845316112065492, "support": 617}, "weighted avg": {"precision": 0.5931890759433737, "recall": 0.5883306320907618, "f1-score": 0.5898759965182381, "support": 617}}