{"0": {"precision": 0.6382978723404256, "recall": 0.6, "f1-score": 0.6185567010309279, "support": 350}, "1": {"precision": 0.5138888888888888, "recall": 0.5543071161048689, "f1-score": 0.5333333333333333, "support": 267}, "accuracy": 0.580226904376013, "macro avg": {"precision": 0.5760933806146572, "recall": 0.5771535580524345, "f1-score": 0.5759450171821305, "support": 617}, "weighted avg": {"precision": 0.5844612457900847, "recall": 0.580226904376013, "f1-score": 0.581677221006199, "support": 617}}