{"0": {"precision": 0.6298507462686567, "recall": 0.6028571428571429, "f1-score": 0.6160583941605838, "support": 350}, "1": {"precision": 0.5070921985815603, "recall": 0.5355805243445693, "f1-score": 0.5209471766848816, "support": 267}, "accuracy": 0.5737439222042139, "macro avg": {"precision": 0.5684714724251085, "recall": 0.5692188336008561, "f1-score": 0.5685027854227327, "support": 617}, "weighted avg": {"precision": 0.5767283277395566, "recall": 0.5737439222042139, "f1-score": 0.5749000553177759, "support": 617}}