{"0": {"precision": 0.5752961082910322, "recall": 0.9714285714285714, "f1-score": 0.7226354941551542, "support": 350}, "1": {"precision": 0.6153846153846154, "recall": 0.0599250936329588, "f1-score": 0.10921501706484642, "support": 267}, "accuracy": 0.5769854132901134, "macro avg": {"precision": 0.5953403618378238, "recall": 0.5156768325307651, "f1-score": 0.41592525561000027, "support": 617}, "weighted avg": {"precision": 0.5926439711662133, "recall": 0.5769854132901134, "f1-score": 0.4571844935342268, "support": 617}}