{"0": {"precision": 0.6521739130434783, "recall": 0.6428571428571429, "f1-score": 0.6474820143884892, "support": 350}, "1": {"precision": 0.5404411764705882, "recall": 0.550561797752809, "f1-score": 0.5454545454545455, "support": 267}, "accuracy": 0.6029173419773096, "macro avg": {"precision": 0.5963075447570332, "recall": 0.596709470304976, "f1-score": 0.5964682799215173, "support": 617}, "weighted avg": {"precision": 0.60382279365132, "recall": 0.6029173419773096, "f1-score": 0.6033307433911423, "support": 617}}